                  epoch,         train/box_loss,         train/cls_loss,         train/dfl_loss,   metrics/precision(B),      metrics/recall(B),       metrics/mAP50(B),    metrics/mAP50-95(B),           val/box_loss,           val/cls_loss,           val/dfl_loss,                 lr/pg0,                 lr/pg1,                 lr/pg2
                      0,                 1.0552,                 1.3249,                 1.2204,                0.89551,                0.92337,                0.92967,                0.68173,                0.94835,                0.82498,                 1.1838,               0.070294,              0.0033007,              0.0033007
                      1,                 1.0808,                 1.2599,                 1.2484,                 0.8885,                0.89779,                0.92403,                0.65505,                0.99925,                0.91455,                 1.2149,               0.040228,              0.0065683,              0.0065683
                      2,                 1.1372,                  1.364,                 1.2814,                0.86727,                0.85006,                0.90117,                0.63373,                  1.044,                0.93015,                 1.2668,               0.010097,                0.00977,                0.00977
