                  epoch,         train/box_loss,         train/cls_loss,         train/dfl_loss,   metrics/precision(B),      metrics/recall(B),       metrics/mAP50(B),    metrics/mAP50-95(B),           val/box_loss,           val/cls_loss,           val/dfl_loss,                 lr/pg0,                 lr/pg1,                 lr/pg2
                      0,                0.80266,                0.69015,                  1.075,                0.96186,                0.97162,                 0.9802,                0.82628,                0.64429,                0.47926,                0.96611,               0.070588,               0.003268,               0.003268
                      1,                 0.8058,                0.68223,                 1.0807,                0.95953,                0.96806,                0.98076,                 0.8095,                0.68472,                0.51035,                0.98924,               0.040523,               0.006536,               0.006536
                      2,                0.88579,                0.75327,                 1.1126,                0.94361,                0.95647,                0.97271,                0.76769,                0.79029,                0.58852,                  1.048,               0.010392,              0.0097379,              0.0097379
                      3,                0.95634,                0.84953,                 1.1491,                0.91442,                0.93635,                 0.9602,                0.74846,                0.84816,                0.65743,                 1.0867,               0.009703,               0.009703,               0.009703
