                  epoch,         train/box_loss,         train/cls_loss,         train/dfl_loss,   metrics/precision(B),      metrics/recall(B),       metrics/mAP50(B),    metrics/mAP50-95(B),           val/box_loss,           val/cls_loss,           val/dfl_loss,                 lr/pg0,                 lr/pg1,                 lr/pg2
                      0,                 1.4703,                  4.518,                 1.4083,                0.01394,                 0.3871,                0.02534,                0.01623,                 1.3563,                 4.2008,                 1.2767,               0.070148,              0.0033169,              0.0033169
                      1,                 1.3975,                 4.3289,                 1.3049,                0.19448,                0.11308,                0.04605,                0.02945,                 1.4903,                 4.1178,                 1.4526,               0.038831,              0.0053335,              0.0053335
                      2,                 1.3973,                 3.9892,                 1.3299,                 0.3738,                0.16074,                0.10107,                0.06277,                 1.4755,                 3.5747,                 1.3377,              0.0061943,              0.0060301,              0.0060301
                      3,                 1.4427,                 3.8239,                 1.3314,                0.34282,                0.19851,                0.11731,                0.07104,                 1.4365,                 3.4313,                 1.3268,                0.00406,                0.00406,                0.00406
                      4,                 1.4618,                 3.5902,                 1.3408,                0.32171,                0.21333,                0.16115,                0.10176,                 1.4059,                 3.4098,                 1.3453,                0.00406,                0.00406,                0.00406
